﻿pos_x,pos_y,rotation,side,designator,mpn,pack,value,mount_type,place
233.99641,-113.279712,0.0,top,D1,,D_0805_2012Metric,Diode,smt,True
298.24641,-123.529712,0.0,top,D10,,D_0805_2012Metric,Diode,smt,True
316.93391,-129.029712,0.0,top,D11,,D_0805_2012Metric,Diode,smt,True
333.49641,-133.029712,0.0,top,D12,,D_0805_2012Metric,Diode,smt,True
229.74641,-150.529712,0.0,top,D13,,D_0805_2012Metric,Diode,smt,True
249.80891,-150.279712,0.0,top,D14,,D_0805_2012Metric,Diode,smt,True
271.99641,-143.279712,0.0,top,D15,,D_0805_2012Metric,Diode,smt,True
295.49641,-142.529712,0.0,top,D16,,D_0805_2012Metric,Diode,smt,True
312.24641,-146.029712,0.0,top,D17,,D_0805_2012Metric,Diode,smt,True
329.93391,-151.529712,0.0,top,D18,,D_0805_2012Metric,Diode,smt,True
269.99641,-162.779712,0.0,top,D19,,D_0805_2012Metric,Diode,smt,True
251.99641,-113.029712,0.0,top,D2,,D_0805_2012Metric,Diode,smt,True
288.49641,-161.779712,0.0,top,D20,,D_0805_2012Metric,Diode,smt,True
308.49641,-166.279712,0.0,top,D21,,D_0805_2012Metric,Diode,smt,True
322.93391,-170.529712,0.0,top,D22,,D_0805_2012Metric,Diode,smt,True
355.49641,-185.529712,-30.0,top,D23,,D_0805_2012Metric,Diode,smt,True
350.24641,-195.279712,-30.0,top,D24,,D_0805_2012Metric,Diode,smt,True
342.99641,-200.529712,-30.0,top,D25,,D_0805_2012Metric,Diode,smt,True
337.99641,-208.779712,-30.0,top,D26,,D_0805_2012Metric,Diode,smt,True
276.68391,-104.279712,0.0,top,D3,,D_0805_2012Metric,Diode,smt,True
301.49641,-106.779712,0.0,top,D4,,D_0805_2012Metric,Diode,smt,True
317.93391,-121.529712,0.0,top,D5,,D_0805_2012Metric,Diode,smt,True
337.49641,-126.029712,0.0,top,D6,,D_0805_2012Metric,Diode,smt,True
232.18391,-131.529712,0.0,top,D7,,D_0805_2012Metric,Diode,smt,True
250.99641,-131.529712,0.0,top,D8,,D_0805_2012Metric,Diode,smt,True
274.49641,-124.029712,0.0,top,D9,,D_0805_2012Metric,Diode,smt,True
373.29641,-171.229712,90.0,bottom,DS1,,Switch_MSK12C02,SW_DIP_x01,smt,True
373.29641,-171.229712,-90.0,top,DS2,,Switch_MSK12C02,SW_DIP_x01,smt,True
350.69641,-118.439712,180.0,bottom,GPIO1,,DIP-28_W7.62mm,MCP23017_SP,tht,True
234.2,-124.46,0.0,top,H1,,MountingHole_2.2mm_M2_Pad_TopBottom,MountingHole,tht,False
191.560499,-124.466128,180.0,bottom,H1,,MountingHole_2.2mm_M2_Pad_TopBottom,MountingHole,tht,False
254.86,-161.84,0.0,top,H2,,MountingHole_2.2mm_M2_Pad_TopBottom,MountingHole,tht,False
170.900499,-161.846128,180.0,bottom,H2,,MountingHole_2.2mm_M2_Pad_TopBottom,MountingHole,tht,False
277.81,-115.66,0.0,top,H3,,MountingHole_2.2mm_M2_Pad_TopBottom,MountingHole,tht,False
147.950499,-115.666128,180.0,bottom,H3,,MountingHole_2.2mm_M2_Pad_TopBottom,MountingHole,tht,False
314.01,-169.08,0.0,top,H4,,MountingHole_2.2mm_M2_Pad_TopBottom,MountingHole,tht,False
111.750499,-169.086128,180.0,bottom,H4,,MountingHole_2.2mm_M2_Pad_TopBottom,MountingHole,tht,False
314.88,-139.29,0.0,top,H5,,MountingHole_2.2mm_M2_Pad_TopBottom,MountingHole,tht,False
110.880499,-139.296128,180.0,bottom,H5,,MountingHole_2.2mm_M2_Pad_TopBottom,MountingHole,tht,False
347.48,-200.27,0.0,top,H6,,MountingHole_2.2mm_M2_Pad_TopBottom,MountingHole,tht,False
78.280499,-200.276128,180.0,bottom,H6,,MountingHole_2.2mm_M2_Pad_TopBottom,MountingHole,tht,False
370.04641,-180.779712,90.0,bottom,J1,,JST_PH_S2B-PH-SM4-TB_1x02-1MP_P2.00mm_Horizontal,2-Pin JST,smt,True
370.04641,-180.779712,-90.0,top,J2,,JST_PH_S2B-PH-SM4-TB_1x02-1MP_P2.00mm_Horizontal,2-Pin JST,smt,True
356.546407,-160.879711,0.0,bottom,J4,,Molex-78127-1128-Manufacturer_Recommended,78127-1128,tht,True
363.95641,-134.709712,180.0,bottom,MCU1,,Nice_Nano_V2,Nice!Nano,tht,True
364.46641,-153.879712,0.0,top,Nice!View1,,Nice!View,~,tht,False
363.55641,-156.185712,180.0,bottom,Nice!View2,,Nice!View,~,tht,False
364.99641,-162.654712,0.0,top,R1,,R_0805_2012Metric_Pad1.20x1.40mm_HandSolder,R_0805,smt,True
224.70781,-121.775812,0.0,top,S1,,REVERSED_Kailh_socket_PG1350_reversible,Keyswitch,smt,True
201.052689,-121.78194,180.0,bottom,S1,,Cutout_Choc_1.00u,Keyswitch,tht,True
286.55391,-130.136212,-8.0,top,S10,,REVERSED_Kailh_socket_PG1350_reversible,Keyswitch,smt,True
139.206589,-130.14234,-172.0,bottom,S10,,Cutout_Choc_1.00u,Keyswitch,tht,True
305.62471,-135.851912,-9.0,top,S11,,REVERSED_Kailh_socket_PG1350_reversible,Keyswitch,smt,True
120.135789,-135.85804,-171.0,bottom,S11,,Cutout_Choc_1.00u,Keyswitch,tht,True
324.74921,-140.911812,-10.0,top,S12,,REVERSED_Kailh_socket_PG1350_reversible,Keyswitch,smt,True
101.011289,-140.91794,-170.0,bottom,S12,,Cutout_Choc_1.00u,Keyswitch,tht,True
224.70781,-159.775812,0.0,top,S13,,REVERSED_Kailh_socket_PG1350_reversible,Keyswitch,smt,True
201.052689,-159.78194,180.0,bottom,S13,,Cutout_Choc_1.00u,Keyswitch,tht,True
243.70781,-159.775812,0.0,top,S14,,REVERSED_Kailh_socket_PG1350_reversible,Keyswitch,smt,True
182.052689,-159.78194,180.0,bottom,S14,,Cutout_Choc_1.00u,Keyswitch,tht,True
263.30631,-151.634812,-4.0,top,S15,,REVERSED_Kailh_socket_PG1350_reversible,Keyswitch,smt,True
162.454189,-151.64094,-176.0,bottom,S15,,Cutout_Choc_1.00u,Keyswitch,tht,True
283.90961,-148.951212,-8.0,top,S16,,REVERSED_Kailh_socket_PG1350_reversible,Keyswitch,smt,True
141.850889,-148.95734,-172.0,bottom,S16,,Cutout_Choc_1.00u,Keyswitch,tht,True
302.65241,-154.617912,-9.0,top,S17,,REVERSED_Kailh_socket_PG1350_reversible,Keyswitch,smt,True
123.108089,-154.62404,-171.0,bottom,S17,,Cutout_Choc_1.00u,Keyswitch,tht,True
321.44991,-159.623212,-10.0,top,S18,,REVERSED_Kailh_socket_PG1350_reversible,Keyswitch,smt,True
104.310589,-159.62934,-170.0,bottom,S18,,Cutout_Choc_1.00u,Keyswitch,tht,True
264.83411,-172.792912,-4.0,top,S19,,REVERSED_Kailh_socket_PG1350_reversible,Keyswitch,smt,True
160.926389,-172.79904,-176.0,bottom,S19,,Cutout_Choc_1.00u,Keyswitch,tht,True
243.70781,-121.775812,0.0,top,S2,,REVERSED_Kailh_socket_PG1350_reversible,Keyswitch,smt,True
182.052689,-121.78194,180.0,bottom,S2,,Cutout_Choc_1.00u,Keyswitch,tht,True
283.92741,-172.123112,-6.0,top,S20,,REVERSED_Kailh_socket_PG1350_reversible,Keyswitch,smt,True
141.833089,-172.12924,-174.0,bottom,S20,,Cutout_Choc_1.00u,Keyswitch,tht,True
302.50971,-177.092712,-8.0,top,S21,,REVERSED_Kailh_socket_PG1350_reversible,Keyswitch,smt,True
123.250789,-177.09884,-172.0,bottom,S21,,Cutout_Choc_1.00u,Keyswitch,tht,True
322.21311,-180.927012,-14.0,top,S22,,REVERSED_Kailh_socket_PG1350_reversible,Keyswitch,smt,True
103.547389,-180.93314,-166.0,bottom,S22,,Cutout_Choc_1.00u,Keyswitch,tht,True
341.81301,-188.031612,-24.0,top,S23,,REVERSED_Kailh_socket_PG1350_reversible,Keyswitch,smt,True
83.947489,-188.03774,-156.0,bottom,S23,,Cutout_Choc_1.00u,Keyswitch,tht,True
359.88151,-198.431812,-34.0,top,S24,,REVERSED_Kailh_socket_PG1350_reversible,Keyswitch,smt,True
65.878989,-198.43794,-146.0,bottom,S24,,Cutout_Choc_1.00u,Keyswitch,tht,True
328.19701,-203.862112,-24.0,top,S25,,REVERSED_Kailh_socket_PG1350_reversible,Keyswitch,smt,True
97.563489,-203.86824,-156.0,bottom,S25,,Cutout_Choc_1.00u,Keyswitch,tht,True
346.97711,-213.517812,-34.0,top,S26,,REVERSED_Kailh_socket_PG1350_reversible,Keyswitch,smt,True
78.783389,-213.52394,-146.0,bottom,S26,,Cutout_Choc_1.00u,Keyswitch,tht,True
265.95711,-113.727312,-4.0,top,S3,,REVERSED_Kailh_socket_PG1350_reversible,Keyswitch,smt,True
159.803389,-113.73344,-176.0,bottom,S3,,Cutout_Choc_1.00u,Keyswitch,tht,True
289.19821,-111.321112,-8.0,top,S4,,REVERSED_Kailh_socket_PG1350_reversible,Keyswitch,smt,True
136.562289,-111.32724,-172.0,bottom,S4,,Cutout_Choc_1.00u,Keyswitch,tht,True
308.59691,-117.085812,-9.0,top,S5,,REVERSED_Kailh_socket_PG1350_reversible,Keyswitch,smt,True
117.163589,-117.09194,-171.0,bottom,S5,,Cutout_Choc_1.00u,Keyswitch,tht,True
328.04851,-122.200512,-10.0,top,S6,,REVERSED_Kailh_socket_PG1350_reversible,Keyswitch,smt,True
97.711989,-122.20664,-170.0,bottom,S6,,Cutout_Choc_1.00u,Keyswitch,tht,True
224.70781,-140.775812,0.0,top,S7,,REVERSED_Kailh_socket_PG1350_reversible,Keyswitch,smt,True
201.052689,-140.78194,180.0,bottom,S7,,Cutout_Choc_1.00u,Keyswitch,tht,True
243.70781,-140.775812,0.0,top,S8,,REVERSED_Kailh_socket_PG1350_reversible,Keyswitch,smt,True
182.052689,-140.78194,180.0,bottom,S8,,Cutout_Choc_1.00u,Keyswitch,tht,True
264.63171,-132.681112,-4.0,top,S9,,REVERSED_Kailh_socket_PG1350_reversible,Keyswitch,smt,True
161.128789,-132.68724,-176.0,bottom,S9,,Cutout_Choc_1.00u,Keyswitch,tht,True
373.05391,-158.729712,-90.0,top,SW1,,Button_MJTP1243,Switch,tht,True
