﻿designator,quantity,value,pack,mpn,mount_type
"D1, D10, D11, D12, D13, D14, D15, D16, D17, D18, D19, D2, D20, D21, D22, D23, D24, D25, D26, D3, D4, D5, D6, D7, D8, D9",26,Diode,D_0805_2012Metric,,smt
"DS1, DS2",2,SW_DIP_x01,Switch_MSK12C02,,smt
GPIO1,1,MCP23017_SP,DIP-28_W7.62mm,,tht
"H1, H1, H2, H2, H3, H3, H4, H4, H5, H5, H6, H6",12,MountingHole,MountingHole_2.2mm_M2_Pad_TopBottom,,tht
"J1, J2",2,2-Pin JST,JST_PH_S2B-PH-SM4-TB_1x02-1MP_P2.00mm_Horizontal,,smt
J4,1,78127-1128,Molex-78127-1128-Manufacturer_Recommended,,tht
MCU1,1,Nice!Nano,Nice_Nano_V2,,tht
"Nice!View1, Nice!View2",2,~,Nice!View,,tht
R1,1,R_0805,R_0805_2012Metric_Pad1.20x1.40mm_HandSolder,,smt
"S1, S10, S11, S12, S13, S14, S15, S16, S17, S18, S19, S2, S20, S21, S22, S23, S24, S25, S26, S3, S4, S5, S6, S7, S8, S9",26,Keyswitch,REVERSED_Kailh_socket_PG1350_reversible,,smt
"S1, S10, S11, S12, S13, S14, S15, S16, S17, S18, S19, S2, S20, S21, S22, S23, S24, S25, S26, S3, S4, S5, S6, S7, S8, S9",26,Keyswitch,Cutout_Choc_1.00u,,tht
SW1,1,Switch,Button_MJTP1243,,tht
